ID;Risiko;Wahrscheinlichkeit;Auswirkung;Risikowert;Klasse;Massnahme;Eigentuemer;Faellig;Status;Ursache;Korrekturmassnahme;Wahrscheinlichkeit_nach;Auswirkung_nach;Restwert
R-01;Lieferverzug Leistungsschalter;4;5;20;Hoch;Verbindlicher Fertigungsplan und Fortschrittsreviews;Projektleitung;2026-06-15;Geschlossen;Ausgelastete Fertigungskapazität beim Hersteller, späte Bestellung von Zulieferteilen, verspätete Zeichnungsfreigabe, geringe Fortschrittstransparenz;Beschleunigung (Zusatzschichten) auf Kosten des Auftragnehmers, alternativer FAT-Termin, Vertragsstrafe;3;4;12
R-02;Schnittstellen passen nicht zur Bestandsanlage;4;4;16;Hoch;3D-Aufmass und Design Review;Fachprojektleitung;2026-04-15;Geschlossen;Unvollständige Bestandsdokumentation, Abweichung zwischen Zeichnung und Ist-Zustand am Fundament, fehlende Schnittstellenliste;Vorgefertigte Adapterlösung (siehe CR-002);2;4;8
R-03;Abschaltfenster wird verschoben;3;5;15;Hoch;Alternativtermine mit Betrieb abstimmen;Betrieb;2026-06-30;Geschlossen;Netzsituation und Priorisierung im Netzbetrieb (extern), parallele Abschaltungen, späte Abstimmung mit dem Betrieb;Alternativtermine vorab abgestimmt, Eskalation an den Lenkungskreis;2;5;10
R-04;Verdeckte Fundamentschäden;3;4;12;Mittel;Voruntersuchung und Reparaturkonzept;Bautechnik;2026-07-15;Geschlossen;Alter der Anlage, unbekannte Schäden (Korrosion, Risse), fehlende Voruntersuchung;Nutzung der Reserve, Reparatur nach vorbereitetem Konzept;2;3;6
R-05;Unvollständige Abschlussdokumentation;4;3;12;Mittel;Dokumentenplan und Rückhaltebetrag;Projektleitung;2026-08-01;Geschlossen;Unklare Dokumentationsanforderungen im Bietergespräch, Fokus des Auftragnehmers auf die Montage, fehlende Prüfroutine;Mahnung und Ersatzvornahme, Einbehalt der letzten Rate;2;3;6
R-06;Sicherheitsverstoß auf Baustelle;3;5;15;Hoch;Unterweisung, Kontrollen und Stop-Work-Regel;Arbeitssicherheit;2026-08-15;Geschlossen;Zeitdruck im Abschaltfenster, Fremdfirmenpersonal, Arbeiten nahe spannungsführender Teile, unzureichende Unterweisung;Sofortiger Baustellenstopp (Stop-Work), Ursachenanalyse vor Wiederaufnahme;1;5;5
R-07;Kran oder Transportmittel nicht verfügbar;2;4;8;Mittel;Frühe Reservierung und Ersatzanbieter;Auftragnehmer;2026-07-01;Geschlossen;Hohe Auslastung des Kran- und Transportmarkts, späte Reservierung;Ersatzanbieter abrufen, Umplanung der Anlieferung;1;4;4
R-08;FAT zeigt kritische Funktionsabweichung;3;4;12;Mittel;Vorabtest und Prüflistenreview;Fachprojektleitung;2026-06-20;Geschlossen;Unvollständige Prüfliste, neue Antriebskomponente, unzureichende Testumgebung;Nachprüfung mit alternativem FAT-Termin;2;4;8
R-09;Kapazitätsengpass Montageteam im Abschaltfenster;3;4;12;Mittel;Springer-Vereinbarung (2 Monteure auf Abruf), Tagesplanung, Vorfertigung;Auftragnehmer;2026-08-15;Geschlossen;Festes Zeitfenster, Teamgröße von 8 Personen, Abhängigkeiten zwischen Arbeitspaketen, Streuung der Aufwandsschätzung;Umpriorisierung der Vorarbeiten, Zusatzschicht;2;3;6
