ID;Arbeitspaket;Start;Ende;Fortschritt_Prozent;Status;Verantwortlich;Kritischer_Pfad;Vorgaenger;Nachfolger;Beziehung;Dauer_Arbeitstage;Meilenstein
T-01;Projektauftrag;2025-10-01;2025-10-15;100;Abgeschlossen;Projektleitung;Ja;-;T-02;-;11;M1
T-02;Bestandsaufnahme;2025-10-16;2025-11-14;100;Abgeschlossen;Fachprojektleitung;Ja;T-01;T-03;EA;22;-
T-03;Lastenheft;2025-11-03;2025-11-28;100;Abgeschlossen;Fachprojektleitung;Ja;T-02;T-04;AA+12AT;20;M2
T-04;Ausschreibung;2025-12-01;2026-01-15;100;Abgeschlossen;Einkauf;Ja;T-03;T-05;EA;34;-
T-05;Angebotsbewertung;2026-01-16;2026-02-13;100;Abgeschlossen;Projektleitung;Ja;T-04;T-06;EA;21;-
T-06;Vergabe;2026-02-16;2026-02-27;100;Abgeschlossen;Einkauf;Ja;T-05;T-07;EA;10;M3
T-07;Detailengineering;2026-03-02;2026-04-30;100;Abgeschlossen;Auftragnehmer;Ja;T-06;T-08;EA;44;M4
T-08;Fertigung;2026-05-01;2026-06-25;92;In Arbeit;Auftragnehmer;Ja;T-07;T-09;EA;40;-
T-09;Factory Acceptance Test;2026-06-26;2026-06-30;25;Gefährdet;Fachprojektleitung;Ja;T-08;T-10;EA;3;M5
T-10;Lieferung und Baustellenvorbereitung;2026-07-01;2026-08-31;15;Geplant;Projektleitung;Ja;T-09;T-11;EA;44;M6
T-11;Demontage, Montage und Anschluss;2026-09-01;2026-09-07;0;Geplant;Auftragnehmer;Ja;T-10;T-12;EA;5;-
T-12;Prüfung und Inbetriebnahme;2026-09-08;2026-09-10;0;Geplant;Fachprojektleitung;Ja;T-11;T-13;EA;3;M7
T-13;Projektabschluss;2026-09-11;2026-09-30;0;Geplant;Projektleitung;Nein;T-12;-;EA;14;M8
